,count,rate
Non-casualty crash,15118,0.32103117302301876
Casualty crash,31974,0.6789688269769812
