model,accuracy,precision,recall,f1,roc_auc
Random Forest,0.6036947904869762,0.722550440307658,0.6757714762301918,0.6983784948553574,0.5907303475632986
Decision Tree,0.5777887882219706,0.725419515226849,0.6084236864053377,0.6617905539490843,0.5805869902056828
