model,accuracy_mean,accuracy_std,precision_mean,precision_std,recall_mean,recall_std,f1_mean,f1_std,roc_auc_mean,roc_auc_std
Enriched Logistic Regression,0.6369022248262172,0.003940245412447486,0.18818247261765414,0.0015701053487441002,0.5963446475195824,0.009635058313732313,0.2860756788125081,0.0024965027058514388,0.6653615002187365,0.006200861049062885
Baseline Logistic Regression,0.6320392890203924,0.0038144457018594717,0.18695943677821947,0.0023167052927695465,0.602088772845953,0.011887464632873018,0.28531096817297974,0.0037566783222273306,0.666985558115173,0.005353120032495794
Baseline Decision Tree,0.6611976451947331,0.05880997611136251,0.1936614526649622,0.013545638767836548,0.5489991296779808,0.08923818717230864,0.28380609700915843,0.007808807483951166,0.6590283343507235,0.006019741065914811
Enriched Decision Tree,0.6457592697635353,0.07467554760290702,0.19023864687722133,0.015914742455041164,0.5636205395996519,0.11335803142637416,0.280092804241475,0.004440044664771769,0.6548024430380393,0.005722541900515843
