model,accuracy,precision,recall,f1,roc_auc
Baseline Logistic Regression,0.6300962627406569,0.18000730994152048,0.5713457076566125,0.273763201778766,0.6508250650377732
Tuned Enriched Decision Tree,0.6429077010192525,0.18146940341454057,0.548723897911833,0.2727403776848782,0.6487678269340553
Enriched Logistic Regression,0.6339892412231031,0.17982537618428385,0.5614849187935035,0.27240748557759953,0.6500430264991983
Enriched Decision Tree,0.6301670441676104,0.17756492908454596,0.5591647331786543,0.2695372570949252,0.6479932236887884
Baseline Decision Tree,0.5920158550396376,0.17229072031148604,0.6160092807424594,0.26926977687626774,0.6450789628149292
