,count,rate
Low/no injury (0-1 casualties),41347,0.8780047566465642
High injury (2+ casualties),5745,0.12199524335343583
