traffic_units_group,count,casualty_rate
1 unit,9542,0.6152798155522952
2 units,31165,0.7009465746831381
3 units,4935,0.6660587639311043
4+ units,1450,0.6696551724137931
