model,accuracy_mean,accuracy_std,precision_mean,precision_std,recall_mean,recall_std,f1_mean,f1_std,roc_auc_mean,roc_auc_std
Random Forest,0.6108042100577419,0.004481750887773608,0.7252964852447664,0.0036393228553532383,0.6869954802721375,0.005830705955513093,0.7056130075965438,0.0038527337299945584,0.5951047557420981,0.005444668531619514
Decision Tree,0.6067479375230291,0.019173499034757898,0.717222774473146,0.003620966193842712,0.6951593399108772,0.05098118842968845,0.7049209201111242,0.02670741150375313,0.5784997695354694,0.0057622265344630256
