Type of location,count,casualty_rate
2-way undivided,12712,0.6481277533039648
T-junction,12487,0.7055337551053095
X-intersection,8571,0.7098354917745887
Divided road,8052,0.6614505712866369
Roundabout,2542,0.6770259638080252
Dual freeway,1870,0.6363636363636364
Other,328,0.698170731707317
1-way street,274,0.718978102189781
L-junction,90,0.5888888888888889
Single limited access,58,0.8103448275862069
Multiple intersection,54,0.7222222222222222
Y-junction,51,0.7647058823529411
Unknown,3,0.0
