degree_of_crash,count,rate
Injury,31454,0.6679266117387243
Non-casualty (towaway),15118,0.32103117302301876
Fatal,520,0.011042215238257028
