traffic_volume_band,count,high_injury_rate
"(99.999, 16501.0]",9429,0.1433874217838583
"(16501.0, 28830.0]",9429,0.12175204157386786
"(28830.0, 43094.0]",9403,0.11315537594384771
"(43094.0, 66171.0]",9479,0.11942187994514189
"(66171.0, 309752.0]",9352,0.11216852010265184
