No. of traffic units involved,count,high_injury_rate
1,9542,0.055334311465101656
2,31165,0.12254131236964544
3,4935,0.20628166160081055
4,1071,0.23809523809523808
5,244,0.29918032786885246
6,76,0.35526315789473684
7,30,0.4
8,13,0.46153846153846156
9,3,0.6666666666666666
10,8,0.5
12,1,0.0
15,1,0.0
16,1,0.0
21,1,1.0
26,1,0.0
